package,name,composable,skippable,restartable,readonly,inline,isLambda,hasDefaults,defaultsGroup,groups,calls,
com.enterprise.feature.home.ui.HomeScreen,HomeScreen,1,1,1,0,0,0,1,0,2,4,
com.enterprise.feature.home.ui.HomeContent,HomeContent,1,1,1,0,0,0,0,0,1,4,
com.enterprise.feature.home.ui.HomeTopBar,HomeTopBar,1,1,1,0,0,0,0,0,1,2,
com.enterprise.feature.home.ui.HomeTabs,HomeTabs,1,1,1,0,0,0,0,0,1,2,
com.enterprise.feature.home.ui.ItemList,ItemList,1,1,1,0,0,0,0,0,1,1,
com.enterprise.feature.home.ui.ItemCard,ItemCard,1,1,1,0,0,0,0,0,1,3,
com.enterprise.feature.home.ui.LoadingState,LoadingState,1,1,1,0,0,0,0,0,1,1,
com.enterprise.feature.home.ui.ErrorState,ErrorState,1,1,1,0,0,0,0,0,1,1,
com.enterprise.feature.home.ui.EmptyState,EmptyState,1,1,1,0,0,0,0,0,1,1,
com.enterprise.feature.home.ui.HomeContentPreview,HomeContentPreview,1,1,1,0,0,0,0,0,1,2,
